{
  "Sinop, MT": {
    "lat": -11.857701,
    "lon": -55.4967824
  },
  "Cuiabá, MT": {
    "lat": -15.5986686,
    "lon": -56.0991301
  },
  "Brasília, DF": {
    "lat": -15.7939869,
    "lon": -47.8828
  },
  "Lagarto, SE": {
    "lat": -10.914501,
    "lon": -37.6711105
  },
  "Aracaju, SE": {
    "lat": -10.9162061,
    "lon": -37.0774655
  },
  "Manaus, AM": {
    "lat": -3.1316333,
    "lon": -59.9825041
  },
  "Picos, PI": {
    "lat": -7.0823544,
    "lon": -41.4685053
  },
  "Teresina, PI": {
    "lat": -5.0874608,
    "lon": -42.8049571
  },
  "Ouro Preto, MG": {
    "lat": -20.3856712,
    "lon": -43.5036166
  },
  "São Carlos, SP": {
    "lat": -21.8788022,
    "lon": -47.8567619
  },
  "Viçosa, MG": {
    "lat": -20.7538586,
    "lon": -42.8815888
  },
  "Londrina, PR": {
    "lat": -23.3112878,
    "lon": -51.1595023
  },
  "Curitiba, PR": {
    "lat": -25.4295963,
    "lon": -49.2712724
  },
  "Recife, PE": {
    "lat": -8.0584933,
    "lon": -34.8848193
  },
  "Rio Grande, RS": {
    "lat": -32.0334252,
    "lon": -52.0991297
  },
  "Caxias do Sul, RS": {
    "lat": -29.1685045,
    "lon": -51.1796385
  },
  "São Leopoldo, RS": {
    "lat": -29.7544405,
    "lon": -51.1516497
  },
  "Uberlândia, MG": {
    "lat": -18.9188041,
    "lon": -48.2767837
  },
  "Pelotas, RS": {
    "lat": -31.7699736,
    "lon": -52.3410161
  },
  "Campinas, SP": {
    "lat": -22.9056391,
    "lon": -47.059564
  },
  "Passo Fundo, RS": {
    "lat": -28.2550598,
    "lon": -52.3966606
  },
  "Porto Alegre, RS": {
    "lat": -30.0324999,
    "lon": -51.2303767
  },
  "Novo Hamburgo, RS": {
    "lat": -29.6905705,
    "lon": -51.1429035
  },
  "Ilhéus, BA": {
    "lat": -14.792599,
    "lon": -39.0453843
  },
  "Fortaleza, CE": {
    "lat": -3.7304512,
    "lon": -38.5217989
  },
  "Belo Horizonte, MG": {
    "lat": -19.9227318,
    "lon": -43.9450948
  },
  "Alfenas, MG": {
    "lat": -21.4297405,
    "lon": -45.9479419
  },
  "Maceió, AL": {
    "lat": -9.6476843,
    "lon": -35.7339264
  },
  "Belém, PA": {
    "lat": -1.45056,
    "lon": -48.4682453
  },
  "Marabá, PA": {
    "lat": -5.3462821,
    "lon": -49.1007401
  },
  "Santarém, PA": {
    "lat": -2.438489,
    "lon": -54.699611
  },
  "Salvador, BA": {
    "lat": -12.9822499,
    "lon": -38.4812772
  },
  "Itumbiara, GO": {
    "lat": -18.4135862,
    "lon": -49.2172596
  },
  "Bauru, SP": {
    "lat": -22.3218102,
    "lon": -49.0705863
  },
  "São Paulo, SP": {
    "lat": -23.5506507,
    "lon": -46.6333824
  },
  "Ribeirão Preto, SP": {
    "lat": -21.1776315,
    "lon": -47.8100983
  },
  "Botucatu, SP": {
    "lat": -22.8879628,
    "lon": -48.4410712
  },
  "Maringá, PR": {
    "lat": -23.425269,
    "lon": -51.9382078
  },
  "Franca, SP": {
    "lat": -20.5381768,
    "lon": -47.4009795
  },
  "Penápolis, SP": {
    "lat": -21.4192406,
    "lon": -50.0765588
  },
  "Mossoró, RN": {
    "lat": -5.1904332,
    "lon": -37.3443872
  },
  "Blumenau, SC": {
    "lat": -26.9195567,
    "lon": -49.0658025
  },
  "Rio do Sul, SC": {
    "lat": -27.2162607,
    "lon": -49.643654
  },
  "Joinville, SC": {
    "lat": -26.3044898,
    "lon": -48.8486726
  },
  "Joaçaba, SC": {
    "lat": -27.1737204,
    "lon": -51.5065214
  },
  "Itajaí, SC": {
    "lat": -26.9046787,
    "lon": -48.6552979
  },
  "Brusque, SC": {
    "lat": -27.0964628,
    "lon": -48.9136323
  },
  "Jundiaí, SP": {
    "lat": -23.1887668,
    "lon": -46.884506
  },
  "Divinópolis, MG": {
    "lat": -20.1597921,
    "lon": -44.8739341
  },
  "São João del Rei, MG": {
    "lat": -21.1335755,
    "lon": -44.2588086
  },
  "Araraquara, SP": {
    "lat": -21.7886713,
    "lon": -48.1773096
  },
  "Vassouras, RJ": {
    "lat": -22.3706473,
    "lon": -43.592331
  },
  "Uberaba, MG": {
    "lat": -19.750833,
    "lon": -47.936666
  },
  "São José do Rio Preto, SP": {
    "lat": -20.8125851,
    "lon": -49.3804212
  },
  "Rio de Janeiro, RJ": {
    "lat": -22.9110137,
    "lon": -43.2093727
  },
  "Angra dos Reis, RJ": {
    "lat": -23.1555405,
    "lon": -44.2344809
  },
  "Cubatão, SP": {
    "lat": -23.8842077,
    "lon": -46.4213061
  },
  "Guarujá, SP": {
    "lat": -23.9927768,
    "lon": -46.2558332
  },
  "São João da Boa Vista, SP": {
    "lat": -21.9687099,
    "lon": -46.7969216
  },
  "Votuporanga, SP": {
    "lat": -20.4252908,
    "lon": -49.972028
  },
  "Santo André, SP": {
    "lat": -23.6533509,
    "lon": -46.5279039
  },
  "Santos, SP": {
    "lat": -23.9335988,
    "lon": -46.3286399
  },
  "Jaú, SP": {
    "lat": -22.293585,
    "lon": -48.559193
  },
  "Presidente Prudente, SP": {
    "lat": -22.1225167,
    "lon": -51.3882528
  },
  "Itajubá, MG": {
    "lat": -22.4238234,
    "lon": -45.4524156
  },
  "Santa Cruz do Sul, RS": {
    "lat": -29.714209,
    "lon": -52.4285807
  },
  "Barbacena, MG": {
    "lat": -21.2254524,
    "lon": -43.7735087
  },
  "Juiz de Fora, MG": {
    "lat": -21.7609533,
    "lon": -43.3501129
  },
  "Guarulhos, SP": {
    "lat": -23.4675941,
    "lon": -46.5277704
  },
  "São Bernardo do Campo, SP": {
    "lat": -23.7080345,
    "lon": -46.5506747
  },
  "Osasco, SP": {
    "lat": -23.5324859,
    "lon": -46.7916801
  },
  "Mauá, SP": {
    "lat": -23.6669527,
    "lon": -46.4616922
  },
  "Fernandópolis, SP": {
    "lat": -20.2825647,
    "lon": -50.2500762
  },
  "Nova Iguaçu, RJ": {
    "lat": -22.6955964,
    "lon": -43.4654372
  },
  "Itaperuna, RJ": {
    "lat": -21.215816,
    "lon": -41.879813
  },
  "Contagem, MG": {
    "lat": -19.9132749,
    "lon": -44.0840953
  },
  "Poços de Caldas, MG": {
    "lat": -21.7900318,
    "lon": -46.5647928
  },
  "Betim, MG": {
    "lat": -19.9475338,
    "lon": -44.1995361
  },
  "João Pessoa, PB": {
    "lat": -7.1215981,
    "lon": -34.882028
  },
  "Montes Claros, MG": {
    "lat": -16.7495727,
    "lon": -43.8687268
  },
  "Anápolis, GO": {
    "lat": -16.3332828,
    "lon": -48.9525756
  },
  "Estância, SE": {
    "lat": -11.2682255,
    "lon": -37.4378341
  },
  "Serra Talhada, PE": {
    "lat": -7.9867805,
    "lon": -38.2920294
  },
  "Garanhuns, PE": {
    "lat": -8.8905889,
    "lon": -36.4930896
  },
  "Marília, SP": {
    "lat": -22.2172002,
    "lon": -49.9500061
  },
  "Erechim, RS": {
    "lat": -27.6350709,
    "lon": -52.2738654
  },
  "Santa Maria, RS": {
    "lat": -29.6860512,
    "lon": -53.8069214
  },
  "Umuarama, PR": {
    "lat": -23.7621152,
    "lon": -53.3116192
  },
  "Mafra, SC": {
    "lat": -26.1150943,
    "lon": -49.8035982
  },
  "Canoas, RS": {
    "lat": -29.9216045,
    "lon": -51.1799525
  },
  "Piracicaba, SP": {
    "lat": -22.725165,
    "lon": -47.6493269
  },
  "São José dos Campos, SP": {
    "lat": -23.1867782,
    "lon": -45.8854538
  },
  "Duque de Caxias, RJ": {
    "lat": -22.6429163,
    "lon": -43.3021266
  },
  "Petrópolis, RJ": {
    "lat": -22.3880004,
    "lon": -43.1752593
  },
  "Teresópolis, RJ": {
    "lat": -22.2978038,
    "lon": -42.8646411
  },
  "Criciúma, SC": {
    "lat": -28.6789941,
    "lon": -49.3695627
  },
  "Volta Redonda, RJ": {
    "lat": -22.521856,
    "lon": -44.1040128
  },
  "Valença, RJ": {
    "lat": -22.2326385,
    "lon": -43.8863929
  },
  "Tubarão, SC": {
    "lat": -28.471488,
    "lon": -49.014132
  },
  "Palhoça, SC": {
    "lat": -27.6447774,
    "lon": -48.6646323
  },
  "Vitória, ES": {
    "lat": -20.3200917,
    "lon": -40.3376682
  },
  "Campos dos Goytacazes, RJ": {
    "lat": -21.7546,
    "lon": -41.3242
  },
  "Governador Valadares, MG": {
    "lat": -18.8574155,
    "lon": -41.9439276
  },
  "Mogi das Cruzes, SP": {
    "lat": -23.5234284,
    "lon": -46.1926671
  },
  "Goiânia, GO": {
    "lat": -16.680882,
    "lon": -49.2532691
  },
  "Ijuí, RS": {
    "lat": -28.3878734,
    "lon": -53.9201692
  },
  "Sorocaba, SP": {
    "lat": -23.5003451,
    "lon": -47.4582864
  },
  "São Luís, MA": {
    "lat": -2.5295265,
    "lon": -44.2963942
  },
  "Pinheiro, MA": {
    "lat": -2.5270459,
    "lon": -45.0866463
  },
  "Imperatriz, MA": {
    "lat": -5.5269279,
    "lon": -47.478115
  },
  "Rio Branco, AC": {
    "lat": -9.9765362,
    "lon": -67.8220778
  },
  "Caxias, MA": {
    "lat": -4.8654201,
    "lon": -43.353664
  },
  "Altamira, PA": {
    "lat": -3.204065,
    "lon": -52.209961
  },
  "Natal, RN": {
    "lat": -5.805398,
    "lon": -35.2080905
  },
  "Caicó, RN": {
    "lat": -6.4594544,
    "lon": -37.0971911
  },
  "Toledo, PR": {
    "lat": -24.7222438,
    "lon": -53.7402476
  },
  "Niterói, RJ": {
    "lat": -22.8884,
    "lon": -43.1147
  },
  "Arapiraca, AL": {
    "lat": -9.754866,
    "lon": -36.661471
  },
  "Vitória da Conquista, BA": {
    "lat": -14.8567487,
    "lon": -40.8414804
  },
  "Caruaru, PE": {
    "lat": -8.2829702,
    "lon": -35.9722852
  },
  "Sobral, CE": {
    "lat": -3.6879135,
    "lon": -40.3456372
  },
  "Florianópolis, SC": {
    "lat": -27.5973002,
    "lon": -48.5496098
  },
  "Araranguá, SC": {
    "lat": -28.9348832,
    "lon": -49.4858389
  },
  "Macaé, RJ": {
    "lat": -22.2828305,
    "lon": -41.9649091
  },
  "Lavras, MG": {
    "lat": -21.2425512,
    "lon": -44.9991978
  },
  "Teófilo Otoni, MG": {
    "lat": -17.8579267,
    "lon": -41.5081533
  },
  "Diamantina, MG": {
    "lat": -18.2440862,
    "lon": -43.6006487
  },
  "São Caetano do Sul, SP": {
    "lat": -23.6195923,
    "lon": -46.5688323
  },
  "Cascavel, PR": {
    "lat": -24.9554996,
    "lon": -53.4560544
  },
  "Francisco Beltrão, PR": {
    "lat": -26.0790979,
    "lon": -53.0533527
  },
  "Vila Velha, ES": {
    "lat": -20.3297037,
    "lon": -40.2920174
  },
  "Taubaté, SP": {
    "lat": -23.031448,
    "lon": -45.5612792
  },
  "Feira de Santana, BA": {
    "lat": -12.2578934,
    "lon": -38.9598047
  },
  "Bragança Paulista, SP": {
    "lat": -22.9520235,
    "lon": -46.5418586
  },
  "Campo Grande, MS": {
    "lat": -20.4640173,
    "lon": -54.6162947
  },
  "Jequié, BA": {
    "lat": -13.8604033,
    "lon": -40.0719627
  },
  "Três Lagoas, MS": {
    "lat": -20.7866799,
    "lon": -51.7061247
  },
  "Porto Velho, RO": {
    "lat": -8.7494525,
    "lon": -63.8735438
  },
  "Cáceres, MT": {
    "lat": -16.0644068,
    "lon": -57.6878972
  },
  "Ponta Grossa, PR": {
    "lat": -25.0891685,
    "lon": -50.1601812
  },
  "Gurupi, TO": {
    "lat": -11.72794,
    "lon": -49.068046
  },
  "Boa Vista, RR": {
    "lat": 2.8208478,
    "lon": -60.6719582
  },
  "Várzea Grande, MT": {
    "lat": -15.645816,
    "lon": -56.132218
  },
  "Goiatuba, GO": {
    "lat": -18.0154577,
    "lon": -49.3640591
  },
  "Macapá, AP": {
    "lat": 0.0401529,
    "lon": -51.0569588
  },
  "Passos, MG": {
    "lat": -20.7167803,
    "lon": -46.6156864
  },
  "Lajeado, RS": {
    "lat": -29.4671522,
    "lon": -51.9624046
  },
  "Campo Mourão, PR": {
    "lat": -24.046329,
    "lon": -52.37802
  },
  "Guarapuava, PR": {
    "lat": -25.3950986,
    "lon": -51.4622016
  },
  "Itaúna, MG": {
    "lat": -20.075556,
    "lon": -44.576389
  },
  "Lages, SC": {
    "lat": -27.8165664,
    "lon": -50.325883
  },
  "Barreiras, BA": {
    "lat": -12.1440031,
    "lon": -44.9967406
  },
  "Adamantina, SP": {
    "lat": -21.6866517,
    "lon": -51.0762975
  },
  "Campina Grande, PB": {
    "lat": -7.2246743,
    "lon": -35.8771292
  },
  "Santa Fé do Sul, SP": {
    "lat": -20.2106188,
    "lon": -50.9270837
  },
  "Ubá, MG": {
    "lat": -21.12,
    "lon": -42.942777
  },
  "Dracena, SP": {
    "lat": -21.4835523,
    "lon": -51.5334408
  },
  "Jaguariúna, SP": {
    "lat": -22.70374,
    "lon": -46.985062
  },
  "Pato Branco, PR": {
    "lat": -26.2295984,
    "lon": -52.6712474
  },
  "Juazeiro do Norte, CE": {
    "lat": -7.2153453,
    "lon": -39.3153336
  },
  "Colatina, ES": {
    "lat": -19.5346732,
    "lon": -40.6287836
  },
  "Aparecida de Goiânia, GO": {
    "lat": -16.8226769,
    "lon": -49.2452546
  },
  "Pouso Alegre, MG": {
    "lat": -22.2343858,
    "lon": -45.9327241
  },
  "Vespasiano, MG": {
    "lat": -19.6940958,
    "lon": -43.9186521
  },
  "Ipatinga, MG": {
    "lat": -19.4777807,
    "lon": -42.5270802
  },
  "Rio Claro, SP": {
    "lat": -22.4100108,
    "lon": -47.5603933
  },
  "Mogi Guaçu, SP": {
    "lat": -22.372222,
    "lon": -46.9425
  },
  "Lauro de Freitas, BA": {
    "lat": -12.89242,
    "lon": -38.3127691
  },
  "Muriaé, MG": {
    "lat": -21.1313485,
    "lon": -42.3628918
  },
  "Cacoal, RO": {
    "lat": -11.4333,
    "lon": -61.4420502
  },
  "Manhuaçu, MG": {
    "lat": -20.2574434,
    "lon": -42.0340769
  },
  "Guanambi, BA": {
    "lat": -14.223066,
    "lon": -42.779943
  },
  "Indaiatuba, SP": {
    "lat": -23.0908356,
    "lon": -47.2180677
  },
  "Cajazeiras, PB": {
    "lat": -6.8897849,
    "lon": -38.5570389
  },
  "Paracatu, MG": {
    "lat": -17.2174056,
    "lon": -46.8707514
  },
  "Eunápolis, BA": {
    "lat": -16.3766148,
    "lon": -39.586449
  },
  "Ponte Nova, MG": {
    "lat": -20.4164353,
    "lon": -42.90878
  },
  "Redenção, PA": {
    "lat": -8.0299327,
    "lon": -50.0309543
  },
  "Chapecó, SC": {
    "lat": -27.1110472,
    "lon": -52.5958977
  },
  "Patos, PB": {
    "lat": -7.0258285,
    "lon": -37.2766817
  },
  "Patos de Minas, MG": {
    "lat": -18.6041453,
    "lon": -46.5096698
  },
  "Palmas, TO": {
    "lat": -10.1837852,
    "lon": -48.3336423
  },
  "Goianésia, GO": {
    "lat": -15.3118269,
    "lon": -49.1162001
  },
  "Formosa, GO": {
    "lat": -15.5492443,
    "lon": -47.3301212
  },
  "Rio Verde, GO": {
    "lat": -17.7921255,
    "lon": -50.9191219
  },
  "Petrolina, PE": {
    "lat": -9.3817334,
    "lon": -40.4968875
  },
  "Paulo Afonso, BA": {
    "lat": -9.3998562,
    "lon": -38.2172818
  },
  "Mineiros, GO": {
    "lat": -17.5653879,
    "lon": -52.5536721
  },
  "Trindade, GO": {
    "lat": -16.6549924,
    "lon": -49.4876203
  },
  "Santo Antônio de Jesus, BA": {
    "lat": -12.9689361,
    "lon": -39.260914
  },
  "Dourados, MS": {
    "lat": -22.2206145,
    "lon": -54.812208
  },
  "Araçatuba, SP": {
    "lat": -21.207992,
    "lon": -50.4390225
  },
  "Matipó, MG": {
    "lat": -20.2896695,
    "lon": -42.3426599
  },
  "Araguaína, TO": {
    "lat": -7.193241,
    "lon": -48.2018597
  },
  "Catanduva, SP": {
    "lat": -21.1331035,
    "lon": -48.9712817
  },
  "Uruguaiana, RS": {
    "lat": -29.7560726,
    "lon": -57.0867546
  },
  "Porto Nacional, TO": {
    "lat": -10.7019786,
    "lon": -48.4110952
  },
  "Vilhena, RO": {
    "lat": -12.7368536,
    "lon": -60.1465555
  },
  "Bom Jesus do Itabapoana, RJ": {
    "lat": -21.090552,
    "lon": -41.7808736
  },
  "Barretos, SP": {
    "lat": -20.5531437,
    "lon": -48.5697509
  },
  "Foz do Iguaçu, PR": {
    "lat": -25.5304023,
    "lon": -54.5830692
  },
  "Caçador, SC": {
    "lat": -26.7737784,
    "lon": -51.0134844
  },
  "Olinda, PE": {
    "lat": -7.9986401,
    "lon": -34.8459552
  },
  "Parnaíba, PI": {
    "lat": -2.9147515,
    "lon": -41.7661953
  },
  "Barbalha, CE": {
    "lat": -7.3121067,
    "lon": -39.3036427
  },
  "Teixeira de Freitas, BA": {
    "lat": -17.5384774,
    "lon": -39.7451701
  },
  "Araguari, MG": {
    "lat": -18.6511256,
    "lon": -48.1933764
  },
  "Alagoinhas, BA": {
    "lat": -12.133526,
    "lon": -38.420772
  },
  "Itabuna, BA": {
    "lat": -14.793173,
    "lon": -39.2750341
  },
  "Jacobina, BA": {
    "lat": -11.1851561,
    "lon": -40.5112434
  },
  "Araras, SP": {
    "lat": -22.3569192,
    "lon": -47.3838766
  },
  "Três Rios, RJ": {
    "lat": -22.1201732,
    "lon": -43.1072134
  },
  "Jaraguá do Sul, SC": {
    "lat": -26.4897432,
    "lon": -49.0778063
  },
  "Sete Lagoas, MG": {
    "lat": -19.466111,
    "lon": -44.246944
  },
  "Juazeiro, BA": {
    "lat": -9.4336959,
    "lon": -40.5068201
  },
  "Jaboatão dos Guararapes, PE": {
    "lat": -8.1752476,
    "lon": -34.9468716
  },
  "Cachoeiro de Itapemirim, ES": {
    "lat": -20.848084,
    "lon": -41.11129
  },
  "Irecê, BA": {
    "lat": -11.3034965,
    "lon": -41.8557929
  },
  "Arcoverde, PE": {
    "lat": -8.4208643,
    "lon": -37.0547808
  },
  "Corumbá, MS": {
    "lat": -19.0006027,
    "lon": -57.6507535
  },
  "Canindé, CE": {
    "lat": -4.3547946,
    "lon": -39.3108516
  },
  "Santa Inês, MA": {
    "lat": -3.6647821,
    "lon": -45.3826869
  },
  "Catalão, GO": {
    "lat": -18.1702546,
    "lon": -47.9447082
  },
  "Jataí, GO": {
    "lat": -17.8856178,
    "lon": -51.7202967
  },
  "Rondonópolis, MT": {
    "lat": -16.4603533,
    "lon": -54.6397099
  }
}